MLSC,Hours
MLSC 501,3
MLSC 502,3
MLSC 503,3
MLSC 504,3
MLSC 505,3
MLSC 506,3
MLSC 507,3
MLSC 508,3
MLSC 509,3
MLSC 510,3
MLSC 511,3
MLSC 512,3
MLSC 513,3
MLSC 514,3
MLSC 515,3
MLSC 516,3
MLSC 517,3
MLSC 518,3
MLSC 519,3
MLSC 520,3
MLSC 521,3
MLSC 522,3
MLSC 523,3
MLSC 524,3
MLSC 525,3
MLSC 526,3
MLSC 527,3
MLSC 528,3
MLSC 529,3
MLSC 530,3
MLSC 531,3
MLSC 532,3
MLSC 533,3
MLSC 534,3
MLSC 535,3
MLSC 600,3
MLSC 601,3
MLSC 602,3
MLSC 603,3
MLSC 604,3
MLSC 605,3
MLSC 606,3
MLSC 607,3
MLSC 608,3
MLSC 609,3
MLSC 610,3
MLSC 611,3
MLSC 612,3
MLSC 613,3
MLSC 614,3
MLSC 615,3
MLSC 616,3
MLSC 617,3
MLSC 618,3
MLSC 619,3
MLSC 620,3
MLSC 621,3
MLSC 622,3
MLSC 623,3
MLSC 624,3
MLSC 625,3
MLSC 700,3
,
